{"sections":{"main":{"type":"default-page","custom_css":[".section-title {display: none;}"],"settings":{}},"banner_deal_N7eGGn":{"type":"banner-deal","blocks":{"offer_banner_fYcEE7":{"type":"offer_banner","settings":{"offer_banner_image":"shopify:\/\/shop_images\/category2-1.jpg","offer_banner_collection":"robot","offer_banner_title":"ROBOT ~ Multi-Award-Winning Organic Honey Cola Kombucha","offer_banner_title_color":"#ffffff","banner3_content_position":"center","banner3_text_position":"center"}},"offer_banner_hEebzC":{"type":"offer_banner","settings":{"offer_banner_image":"shopify:\/\/shop_images\/capcat_9c1be9b9-7b06-44da-ac36-6a548cba0b2d.jpg","offer_banner_collection":"official-sports-merchandise","offer_banner_title":"ROBOT ~ Official Sports Merchandise","offer_banner_title_color":"#333333","banner3_content_position":"center","banner3_text_position":"center"}}},"block_order":["offer_banner_fYcEE7","offer_banner_hEebzC"],"settings":{"section_padding_top":0,"section_padding_bottom":100,"section_padding_top_ip":0,"section_padding_bottom_ip":80,"section_padding_top_xs":0,"section_padding_bottom_xs":60}}},"order":["main","banner_deal_N7eGGn"]}