[{"name":"theme_info","theme_name":"juicico","theme_version":"1.0.0","theme_author":"Qodex spacing","theme_documentation_url":"https:\/\/help.shopify.com\/manual\/online-store\/themes","theme_support_url":"https:\/\/spacingtech.authordesk.app\/"},{"name":"Colors","settings":[{"type":"header","content":"General colors"},{"type":"color","id":"color_primary","label":"Primary Color","default":"#511FBA"},{"type":"color","id":"color_secondary","label":"Secondary Color","default":"#333333"},{"type":"header","content":"Body Color"},{"type":"color","id":"body_text_color","label":"Text Color","default":"#333333"},{"type":"color","id":"body_bgcolor","label":"Background Color","default":"#FFFFFF"},{"type":"color","id":"extra_bgcolor","label":"Extra Background Color","default":"#F3F1F8"},{"type":"header","content":"Heading Color"},{"type":"color","id":"heading_text_color","label":"Text Color","default":"#333333"},{"type":"header","content":"Section Heading Color"},{"type":"color","id":"section_heading_text_color","label":"Text Color","default":"#333333"},{"type":"header","content":"Paragraph Color"},{"type":"color","id":"para_text_color","label":"Text Color","default":"#808080"},{"type":"color","id":"theme_border_color","label":"Theme Border Color","default":"#808080"},{"type":"range","id":"theme_border_color_opacity","label":"Theme Border Color Opacity","min":0,"max":1,"step":0.1,"default":0.2}]},{"name":"Typography","settings":[{"type":"header","content":"Body Font Family"},{"type":"font_picker","id":"body_font_handle","label":"Font Family","default":"open_sans_n4"},{"type":"header","content":"Body Custom Font Family"},{"type":"checkbox","id":"body_custom_font_handle_enable","label":"Use Custom Font","default":false},{"type":"textarea","id":"body_custom_font_handle","label":"Custom Font","info":"[Find more Google fonts](https:\/\/fonts.google.com)","default":"Urbanist"},{"type":"range","id":"body_custom_font_weight","label":"Font Weight","min":100,"max":900,"step":100,"default":400},{"type":"range","id":"subtitle_custom_font_weight","label":"Subtitle Font Weight","min":100,"max":900,"step":100,"default":600},{"type":"select","id":"body_custom_font_style","label":"Font Style","options":[{"label":"Italic","value":"italic"},{"label":"Normal","value":"normal"},{"label":"Oblique","value":"oblique"},{"label":"Unset","value":"unset"}],"default":"normal"},{"type":"header","content":"Body Common Propoerty"},{"type":"range","id":"body_font_size","label":"Font Size","min":13,"max":20,"step":1,"unit":"px","default":16},{"type":"range","id":"body_letter_spacing","label":"Letter Spacing","min":0.0,"max":1.0,"step":0.1,"unit":"px","default":0.5},{"type":"header","content":"Heading Font Family"},{"type":"font_picker","id":"header_font_handle","label":"Font Family","default":"open_sans_n6"},{"type":"header","content":"Heading Custom Font Family"},{"type":"checkbox","id":"header_custom_font_handle_enable","label":"Use Custom Font","default":false},{"type":"textarea","id":"header_custom_font_handle","label":"Custom Font","info":"[Find more Google fonts](https:\/\/fonts.google.com)","default":"Urbanist"},{"type":"range","id":"header_custom_font_weight","label":"Font Weight","min":100,"max":900,"step":100,"default":600},{"type":"select","id":"header_custom_font_style","label":"Font Style","options":[{"label":"Italic","value":"italic"},{"label":"Normal","value":"normal"},{"label":"Oblique","value":"oblique"},{"label":"Unset","value":"unset"}],"default":"normal"},{"type":"header","content":"Section Heading Font Family"},{"type":"font_picker","id":"section_header_font_handle","label":"Font Family","default":"open_sans_n6"},{"type":"header","content":"Section Heading Custom Font Family"},{"type":"checkbox","id":"section_header_custom_font_handle_enable","label":"Use Custom Font","default":false},{"type":"textarea","id":"section_header_custom_font_handle","label":"Custom Font","info":"[Find more Google fonts](https:\/\/fonts.google.com)","default":"Urbanist"},{"type":"range","id":"section_header_custom_font_weight","label":"Font Weight","min":100,"max":900,"step":100,"default":700},{"type":"select","id":"section_header_custom_font_style","label":"Font Style","options":[{"label":"Italic","value":"italic"},{"label":"Normal","value":"normal"},{"label":"Oblique","value":"oblique"},{"label":"Unset","value":"unset"}],"default":"normal"},{"type":"header","content":"Section Heading Common Propoerty"},{"type":"select","id":"section_header_text_transform","label":"Text Property","options":[{"label":"Capitalize","value":"capitalize"},{"label":"Lowercase","value":"lowercase"},{"label":"Uppercase","value":"uppercase"},{"label":"None","value":"none"}],"default":"none"},{"type":"range","id":"section_header_letter_spacing","label":"Letter Spacing","min":0.0,"max":1.0,"step":0.1,"unit":"px","default":0.5},{"type":"header","content":"Paragraph Font Family"},{"type":"font_picker","id":"paragraph_font_handle","label":"Font Family","default":"open_sans_n4"},{"type":"header","content":"Paragraph Custom Font Family"},{"type":"checkbox","id":"paragraph_custom_font_handle_enable","label":"Use Custom Font","default":false},{"type":"textarea","id":"paragraph_custom_font_handle","label":"Custom Font","info":"[Find more Google fonts](https:\/\/fonts.google.com)","default":"Urbanist"},{"type":"range","id":"paragraph_custom_font_weight","label":"Font Weight","min":100,"max":900,"step":100,"default":400},{"type":"select","id":"paragraph_custom_font_style","label":"Font Style","options":[{"label":"Italic","value":"italic"},{"label":"Normal","value":"normal"},{"label":"Oblique","value":"oblique"},{"label":"Unset","value":"unset"}],"default":"normal"},{"type":"header","content":"Paragraph Common Propoerty"},{"type":"range","id":"paragraph_font_line_height","label":"Font Line Height","min":20,"max":30,"step":1,"unit":"px","default":30},{"type":"header","content":"Other Font Family"},{"type":"font_picker","id":"other_font_handle","label":"Font Family","default":"open_sans_n4"},{"type":"header","content":"Other Custom Font Family"},{"type":"checkbox","id":"other_custom_font_handle_enable","label":"Use Custom Font","default":false},{"type":"textarea","id":"other_custom_font_handle","label":"Custom Font","info":"[Find more Google fonts](https:\/\/fonts.google.com)","default":"Dancing Script"}]},{"name":"Input, Select, Textarea Type","settings":[{"type":"header","content":"Tag Propoerty"},{"type":"color","id":"tag_color","label":"Text Color","default":"#6F6F6F"},{"type":"range","id":"tag_font_size","label":"Font Size","min":12,"max":16,"step":1,"unit":"px","default":14},{"type":"color","id":"tag_bgcolor","label":"Background Color","default":"#FFFFFF"},{"type":"radio","id":"tag_text_transform","label":"Text Property","options":[{"label":"Lowercase","value":"lowercase"},{"label":"Uppercase","value":"uppercase"},{"label":"Capitalize","value":"capitalize"},{"label":"None","value":"none"}],"default":"none"},{"type":"range","id":"tag_font_weight","label":"Font Weight","min":300,"max":600,"step":100,"default":400},{"type":"color","id":"tag_border_color","label":"Border Color","default":"#808080"},{"type":"range","id":"tag_border_color_opacity","label":"Border Color Opacity","min":0,"max":1,"step":0.1,"default":0.1},{"type":"range","id":"tag_border_radius","label":"Border Radius","min":0,"max":25,"step":1,"unit":"px","default":5}]},{"name":"RTL Version","settings":[{"type":"header","content":"RTL version enable"},{"type":"checkbox","id":"enable_rtl","label":"RTL Enable","default":false}]},{"name":"Google Analytics","settings":[{"type":"header","content":"Google Analytics"},{"type":"checkbox","id":"google_analytic_enable","label":"Enable Google Analytics","default":false},{"type":"text","id":"google_tracking_id","label":"Tracking Id","default":"UA-110326897-1","info":"Get Tracking Id [here](https:\/\/analytics.google.com\/)"}]},{"name":"Newsletter Popup","settings":[{"type":"header","content":"Newsletter"},{"type":"checkbox","id":"newsletter_popup_enable","label":"Newsletter Popup Enable","default":true},{"type":"header","content":"Newsletter Content"},{"type":"image_picker","id":"newsletter_bgimg","label":"Background Image","info":"Recommended Size: 250px x 400px"},{"type":"color","id":"newsletter_bgcolor","label":"Background Color","default":"#fff"},{"type":"text","id":"newsletter_popup_title","label":"Title","default":"20% off"},{"type":"textarea","id":"newsletter_text","label":"Description","default":"On your first purchase"},{"type":"textarea","id":"newsletter_success_text","label":"Newsletter Success Text","default":"Thank you for subscribe use this code for first order"},{"type":"text","id":"newsletter_coupan_code","label":"Coupan Code","default":"20% off"},{"type":"text","id":"email_placeholder","label":"Email Placeholer","default":"Enter your email"},{"type":"color","id":"input_placeholder_color","label":"Input Text Color","default":"#232323"}]},{"name":"Company Logo","settings":[{"type":"header","content":"Header Logo"},{"type":"range","id":"logo_header_max_width","min":75,"max":170,"step":1,"unit":"px","label":"Logo Width","default":148},{"type":"image_picker","id":"logo_header","label":"Logo Image","info":"Recommended Size: 105px x 22px"},{"type":"header","content":"Footer Logo"},{"type":"range","id":"logo_footer_max_width","min":75,"max":170,"step":1,"unit":"px","label":"Logo Width","default":148},{"type":"image_picker","id":"logo_footer","label":"Logo Image","info":"Recommended Size: 105px x 22px"}]},{"name":"Favicon","settings":[{"type":"image_picker","id":"favicon","label":"Favicon Image","info":"Will be scaled down to 32 x 32px"}]},{"name":"Tooltip","settings":[{"type":"header","content":"Tooltip Title"},{"type":"checkbox","id":"tooltip_enable","label":"Show Tooltip","default":true},{"type":"text","id":"tooltip_add_to_cart_title","label":"Add To Cart Tooltip Title","default":"Add to cart"},{"type":"text","id":"tooltip_wishlist_title","label":"Wishlist Tooltip Title","default":"Wishlist"},{"type":"text","id":"tooltip_quickview_title","label":"Quickview Tooltip Title","default":"Quickview"},{"type":"text","id":"tooltip_soldout_title","label":"Soldout Tooltip Title","default":"Soldout"}]},{"name":"Product Hover Option","settings":[{"type":"header","content":"Product Hover"},{"type":"checkbox","id":"pro_hvr_enable","label":"Show Second Image On Hover For Desktop","default":true},{"type":"checkbox","id":"mobile_pro_hvr_enable","label":"Show Second Image On Hover For Mobile","default":false},{"type":"paragraph","content":"This option for product hover if you want to show second image on hover click on above checkbox"}]},{"name":"Product Reviews Option","settings":[{"type":"header","content":"Product Review"},{"type":"checkbox","id":"pro_rew_enable","label":"Show Product Review","info":"Install Free Apps for Product Review [Click Here](https:\/\/apps.shopify.com\/product-reviews)","default":true}]},{"name":"Product Category","settings":[{"type":"header","content":"Show Product Category"},{"type":"checkbox","id":"show_product_type","label":"Show Product Category","default":true}]},{"name":"Product Timer","settings":[{"type":"header","content":"Countdown Timer"},{"type":"text","id":"day_title","label":"Day Title","default":"Day"},{"type":"text","id":"hour_title","label":"Hour Title","default":"Hrs"},{"type":"text","id":"minute_title","label":"Minute Title","default":"Min"},{"type":"text","id":"second_title","label":"Second Title","default":"Sec"},{"type":"checkbox","id":"count_text_enable","label":"Show Text","default":true},{"type":"paragraph","content":"Cuntdown timer comes from metafield"}]},{"name":"Mini Cart","settings":[{"type":"header","content":"Product Cart Title"},{"type":"text","id":"product_cart_title","label":"Cart Title","default":"Add"},{"type":"text","id":"product_sold_title","label":"Sold Title","default":"Sold"},{"type":"header","content":"Item Title"},{"type":"text","id":"cart_item_title","label":"Item Title","default":"Item"},{"type":"text","id":"cart_items_title","label":"Item Title","default":"Items"},{"type":"header","content":"When Cart Is Empty"},{"type":"text","id":"empty_cart","label":"Empty Cart","default":"No products in the cart."},{"type":"text","id":"cart_continue_shop","label":"Button Label","default":"Continue shopping"},{"type":"url","id":"cart_continue_shop_link","label":"Link"},{"type":"header","content":"When Cart Is Not Empty"},{"type":"text","id":"cart_desc1","label":"Cart Text1","default":"There are"},{"type":"text","id":"cart_desc2","label":"Cart Text2","default":"products"},{"type":"text","id":"cart_sub_total","label":"Cart Sub-total","default":"Sub Total:"},{"type":"text","id":"cart_view","label":"Button Label","default":"View Cart"},{"type":"text","id":"cart_checkout","label":"Button Label","default":"Checkout"}]},{"name":"Product Quickview","settings":[{"type":"checkbox","id":"product_quickview_enalbe","label":"Show Product Quickview","default":true},{"type":"text","id":"quick_view_title","label":"quick view title","default":"Quickview"},{"type":"text","id":"qcv_add_to_cart_text","label":"Add to cart title","default":"Add to cart"}]},{"name":"For search","settings":[{"type":"header","content":"Search"},{"type":"paragraph","content":"Search option"},{"type":"checkbox","id":"search_enable","label":"Show Search","default":true},{"type":"paragraph","content":"Search placeholder Text"},{"type":"text","id":"search_bar_placeholder","label":"Placeholder Text","default":"Find our search"},{"type":"header","content":"Search Autocomplete"},{"type":"paragraph","content":"Which product you were find text"},{"type":"text","id":"search_find_text1","label":"Find Text 1","default":"Your search for"},{"type":"text","id":"search_find_text2","label":"Find Text 2","default":"revealed the following."},{"type":"paragraph","content":"When search item is 'Empty'"},{"type":"text","id":"search_find_empty_text","label":"Find Empty Text","default":"No results."},{"type":"paragraph","content":"When search item is 'Not Empty'"},{"type":"text","id":"search_find_url_text","label":"Find URL Text","default":"See all results"}]},{"name":"Breadcrumb","settings":[{"type":"checkbox","id":"breadcrumb_banner_enable","label":"Show Breadcrumb","default":true},{"type":"header","content":"Section Padding"},{"type":"range","id":"breadcrumb_padding_top","label":"Section Padding Top","min":0,"max":100,"step":5,"unit":"px","default":100},{"type":"range","id":"breadcrumb_padding_bottom","label":"Section Padding Bottom","min":0,"max":100,"step":5,"unit":"px","default":100},{"type":"paragraph","content":"Mobile padding"},{"type":"range","id":"breadcrumb_padding_top_md","label":"Section Padding Top","min":0,"max":100,"step":5,"unit":"px","default":100},{"type":"range","id":"breadcrumb_padding_bottom_md","label":"Section Padding Bottom","min":0,"max":100,"step":5,"unit":"px","default":100},{"type":"header","content":"Background Image"},{"type":"checkbox","id":"breadcrumb_bg_image_enable","label":"Show Background Image","default":true},{"type":"image_picker","id":"breadcrumb_bg_image","label":"Breadcrumb Background Image","info":"Default Image Size: 1920px X 300px"},{"type":"color","id":"breadcrumb_bg_image_overlay_color","label":"Breadcrumb Background Image Overlay Color","default":"#fff"},{"type":"range","id":"breadcrumb_bg_image_overlay_color_opacity","label":"Breadcrumb Background Image Overlay Color Opacity","min":0,"max":1,"step":0.1,"default":0.5},{"type":"header","content":"Background Color"},{"type":"color","id":"breadcrumb_bg_color","label":"Breadcrumb Background Color","default":"#AE8D5D"},{"type":"paragraph","content":"Bottom Border"},{"type":"checkbox","id":"breadcrumb_bottom_border_enable","label":"Show Breadcrumb Border","default":true},{"type":"header","content":"Breadcrumb text color"},{"type":"color","id":"breadcrumb_title_color","label":"Breadcrumb title color","default":"#999"},{"type":"color","id":"breadcrumb_main_color","label":"Breadcrumb list text color","default":"#999"}]},{"name":"Blog\/Article Sidebar","settings":[{"type":"header","content":"Search Placeholder"},{"type":"header","content":"Read More Button"},{"type":"text","id":"blog_read_btn","label":"Button Text","default":"Read More"},{"type":"text","id":"search_title","label":"Title","default":"Search"},{"type":"text","id":"blog_search_placeholder","label":"placeholder","default":"search blog"},{"type":"header","content":"Archive"},{"type":"text","id":"archive_title","label":"Title","default":"Archive"},{"type":"header","content":"Recent Posts"},{"type":"text","id":"recent_title","label":"Title","default":"Recent Post"},{"type":"text","id":"recent_post_limit_handle","label":"How Many Post Show","default":"3"},{"type":"header","content":"Tags"},{"type":"text","id":"blog_tags_title","label":"Title","default":"Tags"},{"type":"text","id":"blog_tags_list_limit_handle","label":"How Many Tags Show","default":"15"}]},{"name":"Social Media","settings":[{"type":"header","content":"For Facebook"},{"type":"text","id":"social_icon_1_name","label":"Social Icon Name","default":"fa fa-facebook","info":"[See Icon Name](https:\/\/remixicon.com)"},{"type":"url","id":"social_icon_1_link","label":"Link"},{"type":"header","content":"For Instagram"},{"type":"text","id":"social_icon_2_name","label":"Social Icon Name","default":"fa fa-instagram","info":"[See Icon Name](https:\/\/remixicon.com)"},{"type":"url","id":"social_icon_2_link","label":"Link"},{"type":"header","content":"For Twitter"},{"type":"text","id":"social_icon_3_name","label":"Social Icon Name","default":"fa fa-twitter","info":"[See Icon Name](https:\/\/remixicon.com)"},{"type":"url","id":"social_icon_3_link","label":"Link"},{"type":"header","content":"For Dribbble"},{"type":"text","id":"social_icon_4_name","label":"Social Icon Name","default":"fa fa-dribbble","info":"[See Icon Name](https:\/\/remixicon.com)"},{"type":"url","id":"social_icon_4_link","label":"Link"},{"type":"header","content":"For Youtube"},{"type":"text","id":"social_icon_5_name","label":"Social Icon Name","default":"fa fa-youtube-play","info":"[See Icon Name](https:\/\/remixicon.com)"},{"type":"url","id":"social_icon_5_link","label":"Link"}]},{"name":"Payment Icon","settings":[{"type":"header","content":"Payment Providers"},{"type":"textarea","id":"payment_picker","label":"Payment Providers Name","default":"visa, paypal, master, american_express","info":"Ex: afterpay, american_express, apple_pay, bitcoin, dankort, diners_club, discover, dogecoin, dwolla, forbrugsforeningen, google_pay, ideal, jcb, klarna, klarna-pay-later, litecoin, maestro, master, paypal, shopify_pay, sofort, visa, paytm"},{"type":"header","content":"Payment Providers Icon"},{"type":"range","id":"payment_svg_width","label":"Icon Width","min":0,"max":100,"step":1,"unit":"px","default":45,"info":"Set 'SVG' icon 'Width' from here"}]},{"name":"Wishlist","settings":[{"type":"checkbox","id":"wishlist_enable","label":"Show Wishlist","default":true},{"type":"text","id":"add_wishlit_title","label":"Add Wishlist Title","default":"Add to wishlist"},{"type":"text","id":"loading_wishlist","label":"Loding Wishlist Title","default":"Loding.."},{"type":"text","id":"remove_wishlit_title","label":"Remove Wishlist Title","default":"Remove From wishlist"},{"type":"text","id":"go_to_wishlit_title","label":"Go To Wishlist Title","default":"Go to wishlist"},{"type":"header","content":"Wishlist Page"},{"type":"paragraph","content":"If you want to create wishlist page then follow this URL - [Click Here](https:\/\/image.prntscr.com\/image\/ZEjtoJDoQwGoWloMSwt3kQ.jpeg)"},{"type":"text","id":"wishlist_empty_title","label":"Wishlist Empty Title","default":"Your wishlist is currently Empty!"},{"type":"text","id":"login_request_title","label":"Login Request Title","default":"Please login your account"}]},{"name":"Customer Page","settings":[{"type":"header","content":"Login"},{"type":"text","id":"dnt_acc_title","label":"Create Account Title","default":"Don't have an account?"},{"type":"header","content":"Register"},{"type":"text","id":"alredy_acc_title","label":"Create Account Title","default":"Already an account holder?"},{"type":"header","content":"My Account \/ Order"},{"type":"text","id":"customer_logout_title","label":"Logout Title","default":"Logout"}]},{"name":"Custom, Default and Customer Page","settings":[{"type":"header","content":"Section Padding"},{"type":"paragraph","content":"Desktop \/ Laptop"},{"type":"range","id":"section_padding_top","label":"Padding Top","min":0,"max":100,"step":1,"unit":"px","default":100},{"type":"range","id":"section_padding_bottom","label":"Padding Bottom","min":0,"max":100,"step":1,"unit":"px","default":100},{"type":"paragraph","content":"Ipad Pro \/ Ipad"},{"type":"range","id":"section_padding_top_lg","label":"Padding Top","min":0,"max":100,"step":1,"unit":"px","default":70},{"type":"range","id":"section_padding_bottom_lg","label":"Padding Bottom","min":0,"max":100,"step":1,"unit":"px","default":70},{"type":"paragraph","content":"Mobile"},{"type":"range","id":"section_padding_top_xs","label":"Padding Top","min":0,"max":100,"step":1,"unit":"px","default":50},{"type":"range","id":"section_padding_bottom_xs","label":"Padding Bottom","min":0,"max":100,"step":1,"unit":"px","default":50}]}]